"deb_sem";"abv";"abz";"ahh";"ajb";"atb";"bel";"bhk";"boe";"bos";"cda";"die";"dri";"ejd";"far";"fns";"iho";"mae";"mdv";"mhj";"mia";"mjr";"mnj";"mrb";"mrg";"mrt";"mtn";"nsb";"sbv";"stm";"tdd";"tgr";"tlr";"toa";"tsl"
"2007-04-09";1;1;NA;1;1;NA;NA;NA;1;NA;NA;1;1;NA;NA;1;1;NA;NA;1;NA;NA;NA;1;NA;NA;NA;NA;1;1;1;NA;NA;NA
"2007-04-16";1;1;NA;1;1;NA;NA;NA;1;NA;NA;1;1;NA;NA;1;1;NA;NA;1;NA;NA;NA;1;NA;NA;NA;NA;1;1;1;NA;NA;NA
"2007-04-23";1;1;NA;1;1;NA;NA;NA;1;NA;NA;1;1;NA;NA;1;1;NA;NA;1;NA;NA;NA;1;NA;NA;NA;NA;1;1;1;NA;NA;NA
"2007-04-30";1;1;NA;1;1;NA;NA;NA;1;NA;NA;1;1;NA;NA;1;1;NA;NA;1;NA;NA;NA;1;NA;NA;NA;NA;1;1;1;NA;NA;NA
"2007-05-07";1;1;NA;1;1;NA;NA;NA;1;NA;NA;1;1;NA;NA;1;1;NA;NA;1;NA;NA;NA;1;NA;NA;NA;NA;1;1;1;NA;NA;NA
"2007-05-14";1;1;NA;1;1;NA;NA;NA;1;NA;NA;1;1;NA;NA;1;1;NA;NA;1;NA;NA;NA;1;NA;NA;NA;NA;1;1;1;NA;NA;NA
"2007-05-21";1;1;NA;1;1;NA;NA;NA;1;NA;NA;1;1;NA;NA;1;1;NA;NA;1;NA;NA;NA;1;NA;NA;NA;NA;1;1;1;NA;NA;NA
"2007-05-28";1;1;NA;1;1;NA;NA;NA;1;NA;NA;1;1;NA;NA;1;1;NA;NA;1;NA;NA;NA;1;NA;NA;NA;NA;1;1;1;NA;NA;NA
"2007-06-04";1;1;NA;1;1;NA;NA;NA;1;NA;NA;1;1;NA;NA;1;1;NA;NA;1;NA;NA;NA;1;NA;NA;NA;NA;1;1;1;NA;NA;NA
"2007-06-11";1;1;NA;1;1;NA;NA;NA;1;NA;NA;1;1;NA;NA;1;1;NA;NA;1;NA;NA;NA;1;NA;NA;NA;NA;1;1;1;NA;NA;NA
"2007-06-18";1;1;NA;1;1;NA;NA;NA;1;NA;NA;1;1;NA;NA;1;1;NA;NA;1;NA;NA;NA;1;NA;NA;NA;NA;1;1;1;NA;NA;NA
"2007-06-25";1;1;NA;1;1;NA;NA;NA;1;NA;NA;1;1;NA;NA;1;1;NA;NA;1;NA;NA;NA;1;NA;NA;NA;NA;1;1;1;NA;NA;NA
"2007-07-02";1;1;NA;1;1;NA;NA;NA;1;NA;NA;1;1;NA;NA;1;1;NA;NA;1;NA;NA;NA;1;NA;NA;NA;NA;1;1;1;NA;NA;NA
"2007-07-09";1;1;NA;1;1;NA;NA;NA;1;NA;NA;1;1;NA;NA;1;1;NA;NA;1;NA;NA;NA;1;NA;NA;NA;NA;1;1;1;NA;NA;NA
"2007-07-16";1;1;NA;1;1;NA;NA;NA;1;NA;NA;1;1;NA;NA;1;1;NA;NA;1;NA;NA;NA;1;NA;NA;NA;NA;1;1;1;NA;NA;NA
"2007-07-23";1;1;NA;1;1;NA;NA;NA;1;NA;NA;1;1;NA;NA;1;1;NA;NA;1;NA;NA;NA;1;NA;NA;NA;NA;1;1;1;NA;NA;NA
"2007-07-30";1;1;NA;1;1;NA;NA;NA;1;NA;NA;1;1;NA;NA;1;1;NA;NA;1;NA;NA;NA;1;NA;NA;NA;NA;1;1;1;NA;NA;NA
"2007-08-06";1;1;NA;1;1;NA;NA;NA;1;NA;NA;1;1;NA;NA;1;1;NA;NA;1;NA;NA;NA;1;NA;NA;NA;NA;1;1;1;NA;NA;NA
"2007-08-13";1;1;NA;1;1;NA;NA;NA;1;NA;NA;1;1;NA;NA;1;1;NA;NA;1;NA;NA;NA;1;NA;NA;NA;NA;1;1;1;NA;NA;NA
"2007-08-20";1;1;NA;1;1;NA;NA;NA;1;NA;NA;1;1;NA;NA;1;1;NA;NA;1;NA;NA;NA;1;NA;NA;NA;NA;1;1;1;NA;NA;NA
"2007-08-27";1;1;NA;1;1;NA;NA;NA;1;NA;NA;1;1;NA;NA;1;1;NA;NA;1;NA;NA;NA;1;NA;NA;NA;NA;1;1;1;NA;NA;NA
"2007-09-03";1;1;NA;1;1;NA;NA;NA;1;NA;NA;1;1;NA;NA;1;1;NA;NA;1;NA;NA;NA;1;NA;NA;NA;NA;1;1;1;NA;NA;NA
"2007-09-10";1;1;NA;1;1;NA;NA;NA;1;NA;NA;1;1;NA;NA;1;1;NA;NA;1;NA;NA;NA;1;NA;NA;NA;NA;1;1;1;NA;NA;NA
"2007-09-17";1;1;NA;1;1;NA;NA;NA;1;NA;NA;1;1;NA;NA;1;1;NA;NA;1;NA;NA;NA;1;NA;NA;NA;NA;1;1;1;NA;NA;NA
"2007-09-24";1;1;NA;1;1;NA;NA;NA;1;NA;NA;1;1;NA;NA;1;1;NA;NA;1;NA;NA;NA;1;NA;NA;NA;NA;1;1;1;NA;NA;NA
"2007-10-01";1;1;NA;1;1;NA;NA;NA;1;NA;NA;1;1;NA;NA;1;1;NA;NA;1;NA;NA;NA;1;NA;NA;NA;NA;1;1;1;NA;NA;NA
"2007-10-08";1;1;NA;1;1;NA;NA;NA;1;NA;NA;1;1;NA;NA;1;1;NA;NA;1;NA;NA;NA;1;NA;NA;NA;NA;1;1;1;NA;NA;NA
"2007-10-15";1;1;NA;1;1;NA;NA;NA;1;NA;NA;1;1;NA;NA;1;1;NA;NA;1;NA;NA;NA;1;NA;NA;NA;NA;1;1;1;NA;NA;NA
"2007-10-22";1;1;NA;1;1;NA;NA;NA;1;NA;NA;1;1;NA;NA;1;1;NA;NA;1;NA;NA;NA;1;NA;NA;NA;NA;1;1;1;NA;NA;NA
"2007-10-29";1;1;NA;1;1;NA;NA;NA;1;NA;NA;1;1;NA;NA;1;1;NA;NA;1;NA;NA;NA;1;NA;NA;NA;NA;1;1;1;NA;NA;NA
"2007-11-05";1;1;NA;1;1;NA;NA;NA;1;NA;NA;1;1;NA;NA;1;1;NA;NA;1;NA;NA;NA;1;NA;NA;NA;NA;1;1;1;NA;NA;NA
"2007-11-12";1;1;NA;1;1;NA;NA;NA;1;NA;NA;1;1;NA;NA;1;1;NA;NA;1;NA;NA;NA;1;NA;NA;NA;NA;1;1;1;NA;NA;NA
"2007-11-19";1;1;NA;1;1;NA;NA;NA;1;NA;NA;1;1;NA;NA;1;1;NA;NA;1;NA;NA;NA;1;NA;NA;NA;NA;1;1;1;NA;NA;NA
"2007-11-26";1;1;NA;1;1;NA;NA;NA;1;NA;NA;1;1;NA;NA;1;1;NA;NA;1;NA;NA;NA;1;NA;NA;NA;NA;1;1;1;NA;NA;NA
"2007-12-03";1;1;NA;1;1;NA;NA;NA;1;NA;NA;1;1;NA;NA;1;1;NA;NA;1;NA;NA;NA;1;NA;NA;NA;NA;1;1;1;NA;NA;NA
"2007-12-10";1;1;NA;1;1;NA;NA;NA;1;NA;NA;1;1;NA;NA;1;1;NA;NA;1;NA;NA;NA;1;NA;NA;NA;NA;1;1;1;NA;NA;NA
"2007-12-17";1;1;NA;1;1;NA;NA;NA;1;NA;NA;1;1;NA;NA;1;1;NA;NA;1;NA;NA;NA;1;NA;NA;NA;NA;1;1;1;NA;NA;NA
"2007-12-24";1;1;NA;1;1;NA;NA;NA;1;NA;NA;1;1;NA;NA;1;1;NA;NA;1;NA;NA;NA;1;NA;NA;NA;NA;1;1;1;NA;NA;NA
"2007-12-31";1;1;NA;1;1;NA;NA;NA;1;NA;NA;1;1;NA;NA;1;1;NA;NA;1;NA;NA;NA;1;NA;NA;NA;NA;1;1;1;NA;NA;NA
"2008-01-07";1;1;NA;1;1;NA;NA;NA;1;NA;NA;1;1;NA;NA;1;1;NA;NA;1;NA;NA;NA;1;NA;NA;NA;NA;1;1;1;NA;NA;NA
"2008-01-14";1;1;NA;1;1;NA;NA;NA;1;NA;NA;1;1;NA;NA;1;1;NA;NA;1;NA;NA;NA;1;NA;NA;NA;NA;1;1;1;NA;NA;NA
"2008-01-21";1;1;NA;1;1;NA;NA;NA;1;NA;NA;1;1;NA;NA;1;1;NA;NA;1;NA;NA;NA;1;NA;NA;NA;NA;1;1;1;NA;NA;NA
"2008-01-28";1;1;NA;1;1;NA;NA;NA;1;NA;NA;1;1;NA;NA;1;1;NA;NA;1;NA;NA;NA;1;NA;NA;NA;NA;1;1;1;NA;NA;NA
"2008-02-04";1;1;NA;1;1;NA;NA;NA;1;NA;NA;1;1;NA;NA;1;1;NA;NA;1;NA;NA;NA;1;NA;NA;NA;NA;1;1;1;NA;NA;NA
"2008-02-11";1;1;NA;1;1;NA;NA;NA;1;NA;NA;1;1;NA;NA;1;1;NA;NA;1;NA;NA;NA;1;NA;NA;NA;NA;1;1;1;NA;NA;NA
"2008-02-18";1;1;NA;1;1;NA;NA;NA;1;NA;NA;1;1;NA;NA;1;1;NA;NA;1;NA;NA;NA;1;NA;NA;NA;NA;1;1;1;NA;NA;NA
"2008-02-25";1;1;NA;1;1;NA;NA;NA;1;NA;NA;1;1;NA;NA;1;1;NA;NA;1;NA;NA;NA;1;NA;NA;NA;NA;1;1;1;NA;NA;NA
"2008-03-03";1;1;NA;1;1;NA;NA;NA;1;NA;NA;1;1;NA;NA;1;1;NA;NA;1;NA;NA;NA;1;NA;NA;NA;NA;1;1;1;NA;NA;NA
"2008-03-10";1;1;NA;1;1;NA;NA;NA;1;NA;NA;1;1;NA;NA;1;1;NA;NA;1;NA;NA;NA;1;NA;NA;NA;NA;1;1;1;NA;NA;NA
"2008-03-17";1;1;NA;1;1;NA;NA;NA;1;NA;NA;1;1;NA;NA;1;1;NA;NA;1;NA;NA;NA;1;NA;NA;NA;NA;1;1;1;NA;NA;NA
"2008-03-24";1;1;NA;1;1;NA;NA;NA;1;NA;NA;1;1;NA;NA;1;1;NA;NA;1;NA;NA;NA;1;NA;NA;NA;NA;1;1;1;NA;NA;NA
"2008-03-31";1;1;NA;1;1;NA;NA;NA;1;NA;NA;1;1;NA;NA;1;1;NA;NA;1;NA;NA;NA;1;NA;NA;NA;NA;1;1;1;NA;NA;NA
"2008-04-07";1;1;NA;1;1;NA;NA;NA;1;NA;NA;1;1;NA;NA;1;1;NA;NA;1;NA;NA;NA;1;NA;NA;NA;NA;1;1;1;NA;NA;NA
"2008-04-14";1;1;NA;1;1;NA;NA;NA;1;NA;NA;1;1;NA;NA;1;1;NA;NA;1;NA;NA;NA;1;NA;NA;NA;NA;1;1;1;NA;NA;NA
"2008-04-21";1;1;NA;1;1;NA;NA;NA;1;NA;NA;1;1;NA;NA;1;1;NA;NA;1;NA;NA;NA;1;NA;NA;NA;NA;1;1;1;NA;NA;NA
"2008-04-28";1;1;NA;1;1;NA;NA;NA;1;NA;NA;1;1;NA;NA;1;1;NA;NA;1;NA;NA;NA;1;NA;NA;NA;NA;1;1;1;NA;NA;NA
"2008-05-05";1;1;NA;1;1;NA;NA;NA;1;NA;NA;1;1;NA;NA;1;1;NA;NA;1;NA;NA;NA;1;NA;NA;NA;NA;1;1;1;NA;NA;NA
"2008-05-12";1;1;NA;1;1;NA;NA;NA;1;NA;NA;1;1;NA;NA;1;1;NA;NA;1;NA;NA;NA;1;NA;NA;NA;NA;1;1;1;NA;NA;NA
"2008-05-19";1;1;NA;1;1;NA;NA;NA;1;NA;NA;1;1;NA;NA;1;1;NA;NA;1;NA;NA;NA;1;NA;NA;NA;NA;1;1;1;NA;NA;NA
"2008-05-26";1;1;NA;1;1;NA;NA;NA;1;NA;NA;1;1;NA;NA;1;1;NA;NA;1;NA;NA;NA;1;NA;NA;NA;NA;1;1;1;NA;NA;NA
"2008-06-02";1;1;NA;1;1;NA;NA;NA;1;NA;NA;1;1;NA;NA;1;1;NA;NA;1;NA;NA;NA;1;NA;NA;NA;NA;1;1;1;NA;NA;NA
"2008-06-09";1;1;NA;1;1;NA;NA;NA;1;NA;NA;1;1;NA;NA;1;1;NA;NA;1;NA;NA;NA;1;NA;NA;NA;NA;1;1;1;NA;NA;NA
"2008-06-16";1;1;NA;1;1;NA;NA;NA;1;NA;NA;1;1;NA;NA;1;1;NA;NA;1;NA;NA;NA;1;NA;NA;NA;NA;1;1;1;NA;NA;NA
"2008-06-23";1;1;NA;1;1;NA;NA;NA;1;NA;NA;1;1;NA;NA;1;1;NA;NA;1;NA;NA;NA;1;NA;NA;NA;NA;1;1;1;NA;NA;NA
"2008-06-30";1;1;NA;1;1;NA;NA;NA;1;NA;NA;1;1;NA;NA;1;1;NA;NA;1;NA;NA;NA;1;NA;NA;NA;NA;1;1;1;NA;NA;NA
"2008-07-07";1;1;NA;1;1;NA;NA;NA;1;NA;NA;1;1;NA;NA;1;1;NA;NA;1;NA;NA;NA;1;NA;NA;NA;NA;1;1;1;NA;NA;NA
"2008-07-14";1;1;NA;1;1;NA;NA;NA;1;NA;NA;1;1;NA;NA;1;1;NA;NA;1;NA;NA;NA;1;NA;NA;NA;NA;1;1;1;NA;NA;NA
"2008-07-21";1;1;NA;1;1;NA;NA;NA;1;NA;NA;1;1;NA;NA;1;1;NA;NA;1;NA;NA;NA;1;NA;NA;NA;NA;1;1;1;NA;NA;NA
"2008-07-28";1;1;NA;1;1;NA;NA;NA;1;NA;NA;1;1;NA;NA;1;1;NA;NA;1;NA;NA;NA;1;NA;NA;NA;NA;1;1;1;NA;NA;NA
"2008-08-04";1;1;NA;1;1;NA;NA;NA;1;NA;NA;1;1;NA;NA;1;1;NA;NA;1;NA;NA;NA;1;NA;NA;NA;NA;1;1;1;NA;NA;NA
"2008-08-11";1;1;NA;1;1;NA;NA;NA;1;NA;NA;1;1;NA;NA;1;1;NA;NA;1;NA;NA;NA;1;NA;NA;NA;NA;1;1;1;NA;NA;NA
"2008-08-18";1;1;NA;1;1;NA;NA;NA;1;NA;NA;1;1;NA;NA;1;1;NA;NA;1;NA;NA;NA;1;NA;NA;NA;NA;1;1;1;NA;NA;NA
"2008-08-25";1;1;NA;1;1;NA;NA;NA;1;NA;NA;1;1;NA;NA;1;1;NA;NA;1;NA;NA;NA;1;NA;NA;NA;NA;1;1;1;NA;NA;NA
"2008-09-01";1;1;NA;1;1;NA;NA;NA;1;NA;NA;1;1;NA;NA;1;1;NA;NA;1;NA;NA;NA;1;NA;NA;NA;NA;1;1;1;NA;NA;NA
"2008-09-08";1;1;NA;1;1;NA;NA;NA;1;NA;NA;1;1;NA;NA;1;1;NA;NA;1;NA;NA;NA;1;NA;NA;NA;NA;1;1;1;NA;NA;NA
"2008-09-15";1;1;NA;1;1;NA;NA;NA;1;NA;NA;1;1;NA;NA;1;1;NA;NA;1;NA;NA;NA;1;NA;NA;NA;NA;1;1;1;NA;NA;NA
"2008-09-22";1;1;NA;1;1;NA;NA;NA;1;NA;NA;1;1;NA;NA;1;1;NA;NA;1;NA;NA;NA;1;NA;NA;NA;NA;1;1;1;NA;NA;NA
"2008-09-29";1;1;NA;1;1;NA;NA;NA;1;NA;NA;1;1;NA;NA;1;1;NA;NA;1;NA;NA;NA;1;NA;NA;NA;NA;1;1;1;NA;NA;NA
"2008-10-06";1;1;NA;1;1;NA;NA;NA;1;NA;NA;1;1;NA;NA;1;1;NA;NA;1;NA;NA;NA;1;NA;NA;NA;NA;1;1;1;NA;NA;NA
"2008-10-13";1;1;NA;1;1;NA;NA;NA;1;NA;NA;1;1;NA;NA;1;1;NA;NA;1;NA;NA;NA;1;NA;NA;NA;NA;1;1;1;NA;NA;NA
"2008-10-20";1;1;NA;1;1;NA;NA;NA;1;NA;NA;1;1;NA;NA;1;1;NA;NA;1;NA;NA;NA;1;NA;NA;NA;NA;1;1;1;NA;NA;NA
"2008-10-27";1;1;NA;1;1;NA;NA;NA;1;NA;NA;1;1;NA;NA;1;1;NA;NA;1;NA;NA;NA;1;NA;NA;NA;NA;1;1;1;NA;NA;NA
"2008-11-03";1;1;NA;1;1;NA;NA;NA;1;NA;NA;1;1;NA;NA;1;1;NA;NA;1;NA;NA;NA;1;NA;NA;NA;NA;1;1;1;NA;NA;NA
"2008-11-10";1;1;NA;1;1;NA;NA;NA;1;NA;NA;1;1;NA;NA;1;1;NA;NA;1;NA;NA;NA;1;NA;NA;NA;NA;1;1;1;NA;NA;NA
"2008-11-17";1;1;NA;1;1;NA;NA;NA;1;NA;NA;1;1;NA;NA;1;1;NA;NA;1;NA;NA;NA;1;NA;NA;NA;NA;1;1;1;NA;NA;NA
"2008-11-24";1;1;NA;1;1;NA;NA;NA;1;NA;NA;1;1;NA;NA;1;1;NA;NA;1;NA;NA;NA;1;NA;NA;NA;NA;1;1;1;NA;NA;NA
"2008-12-01";1;1;NA;1;1;NA;NA;NA;1;NA;NA;1;1;NA;NA;1;1;NA;NA;1;NA;NA;NA;1;NA;NA;NA;NA;1;1;1;NA;NA;NA
"2008-12-08";1;1;NA;1;1;NA;NA;NA;1;NA;NA;1;1;NA;NA;1;1;NA;NA;1;NA;NA;NA;1;NA;NA;NA;NA;1;1;1;NA;NA;NA
"2008-12-15";1;1;NA;1;1;NA;NA;NA;1;NA;NA;1;1;NA;NA;1;1;NA;NA;1;NA;NA;NA;1;NA;NA;NA;NA;1;1;1;NA;NA;NA
"2008-12-22";1;1;NA;1;1;NA;NA;NA;1;NA;NA;1;1;NA;NA;1;1;NA;NA;1;NA;NA;NA;1;NA;NA;NA;NA;1;1;1;NA;NA;NA
"2008-12-29";1;1;NA;1;1;NA;NA;NA;1;NA;NA;1;1;NA;NA;1;1;NA;NA;1;NA;NA;NA;1;NA;NA;NA;NA;1;1;1;NA;NA;NA
"2009-01-05";1;1;NA;1;1;NA;NA;NA;1;NA;NA;1;1;NA;NA;1;1;NA;NA;1;NA;NA;NA;1;NA;NA;NA;NA;1;1;1;NA;NA;NA
"2009-01-12";1;1;NA;1;1;NA;NA;NA;1;NA;NA;1;1;NA;NA;1;1;NA;NA;1;NA;NA;NA;1;NA;NA;NA;NA;1;1;1;NA;NA;NA
"2009-01-19";1;1;NA;1;1;NA;NA;NA;1;NA;NA;1;1;NA;NA;1;1;NA;NA;1;NA;NA;NA;1;NA;NA;NA;NA;1;1;1;NA;NA;NA
"2009-01-26";1;1;NA;1;1;NA;NA;NA;1;NA;NA;1;1;NA;NA;1;1;NA;NA;1;NA;NA;NA;1;NA;NA;NA;NA;1;1;1;NA;NA;NA
"2009-02-02";1;1;NA;1;1;NA;NA;NA;1;NA;NA;1;1;NA;NA;1;1;NA;NA;1;NA;NA;NA;1;NA;NA;NA;NA;1;1;1;NA;NA;NA
"2009-02-09";1;1;NA;1;1;NA;NA;NA;1;NA;NA;1;1;NA;NA;1;1;NA;NA;1;NA;NA;NA;1;NA;NA;NA;NA;1;1;1;NA;NA;NA
"2009-02-16";1;1;NA;1;1;NA;NA;NA;1;NA;NA;1;1;NA;NA;1;1;NA;NA;1;NA;NA;NA;1;NA;NA;NA;NA;1;1;1;NA;NA;NA
"2009-02-23";1;1;NA;1;1;NA;NA;NA;1;NA;NA;1;1;NA;NA;1;1;NA;NA;1;NA;NA;NA;1;NA;NA;NA;NA;1;1;1;NA;NA;NA
"2009-03-02";1;1;NA;1;1;NA;NA;NA;1;NA;NA;1;1;NA;NA;1;1;NA;NA;1;NA;NA;NA;1;NA;NA;NA;NA;1;1;1;NA;NA;NA
"2009-03-09";1;1;NA;1;1;NA;NA;NA;1;NA;NA;1;1;NA;NA;1;1;NA;NA;1;NA;NA;NA;1;NA;NA;NA;NA;1;1;1;NA;NA;NA
"2009-03-16";1;1;NA;1;1;NA;NA;NA;1;NA;NA;1;1;NA;NA;1;1;NA;NA;1;NA;NA;NA;1;NA;NA;NA;NA;1;1;1;NA;NA;NA
"2009-03-23";1;1;NA;1;1;NA;NA;NA;1;NA;NA;1;1;NA;NA;1;1;NA;NA;1;NA;NA;NA;1;NA;NA;NA;NA;1;1;1;NA;NA;NA
"2009-03-30";1;1;NA;1;1;NA;NA;NA;1;NA;NA;1;1;NA;NA;1;1;NA;NA;1;NA;NA;NA;1;NA;NA;NA;NA;1;1;1;NA;NA;NA
"2009-04-06";1;1;NA;1;1;NA;NA;NA;1;NA;NA;1;1;NA;NA;1;1;NA;NA;1;NA;NA;NA;1;NA;NA;NA;NA;1;1;1;NA;NA;NA
"2009-04-13";1;1;NA;1;1;NA;NA;NA;1;NA;NA;1;1;NA;NA;1;1;NA;NA;1;NA;NA;NA;1;NA;NA;NA;NA;1;1;1;NA;NA;NA
"2009-04-20";1;1;NA;1;1;NA;NA;NA;1;NA;NA;1;1;NA;NA;1;1;NA;NA;1;NA;NA;NA;1;NA;NA;NA;NA;1;1;1;NA;NA;NA
"2009-04-27";1;1;NA;1;1;NA;NA;NA;1;NA;NA;1;1;NA;NA;1;1;NA;NA;1;NA;NA;NA;1;NA;NA;NA;NA;1;1;1;NA;NA;NA
"2009-05-04";1;1;NA;1;1;NA;NA;NA;1;NA;NA;1;1;NA;NA;1;1;NA;NA;1;NA;NA;NA;1;NA;NA;NA;NA;1;1;1;NA;NA;NA
"2009-05-11";1;1;NA;1;1;NA;NA;NA;1;NA;NA;1;1;NA;NA;1;1;NA;NA;1;NA;NA;NA;1;NA;NA;NA;NA;1;1;1;NA;NA;NA
"2009-05-18";1;1;NA;1;1;NA;NA;NA;1;NA;NA;1;1;NA;NA;1;1;NA;NA;1;NA;NA;NA;1;NA;NA;NA;NA;1;1;1;NA;NA;NA
"2009-05-25";1;1;NA;1;1;NA;NA;NA;1;NA;NA;1;1;NA;NA;1;1;NA;NA;1;NA;NA;NA;1;NA;NA;NA;NA;1;1;1;NA;NA;NA
"2009-06-01";1;1;NA;1;1;NA;NA;NA;1;NA;NA;1;1;NA;NA;1;1;NA;NA;1;NA;NA;NA;1;NA;NA;NA;NA;1;1;1;NA;NA;NA
"2009-06-08";1;1;NA;1;1;NA;NA;NA;1;NA;NA;1;1;NA;NA;1;1;NA;NA;1;NA;NA;NA;1;NA;NA;NA;NA;1;1;1;NA;NA;NA
"2009-06-15";1;1;NA;1;1;NA;NA;NA;1;NA;NA;1;1;NA;NA;1;1;NA;NA;1;NA;NA;NA;1;NA;NA;NA;NA;1;1;1;NA;NA;NA
"2009-06-22";1;1;NA;1;1;NA;NA;NA;1;NA;NA;1;1;NA;NA;1;1;NA;NA;1;NA;NA;NA;1;NA;NA;NA;NA;1;1;1;NA;NA;NA
"2009-06-29";1;1;NA;1;1;NA;NA;NA;1;NA;NA;1;1;NA;NA;1;1;NA;NA;1;NA;NA;NA;1;NA;NA;NA;NA;1;1;1;NA;NA;NA
"2009-07-06";1;1;NA;1;1;NA;NA;NA;1;NA;NA;1;1;NA;NA;1;1;NA;NA;1;NA;NA;NA;1;NA;NA;NA;NA;1;1;1;NA;NA;NA
"2009-07-13";1;1;NA;1;1;NA;NA;NA;1;NA;NA;1;1;NA;NA;1;1;NA;NA;1;NA;NA;NA;1;NA;NA;NA;NA;1;1;1;NA;NA;NA
"2009-07-20";1;1;NA;1;1;NA;NA;NA;1;NA;NA;1;1;NA;NA;1;1;NA;NA;1;NA;NA;NA;1;NA;NA;NA;NA;1;1;1;NA;NA;NA
"2009-07-27";1;1;NA;1;1;NA;NA;NA;1;NA;NA;1;1;NA;NA;1;1;NA;NA;1;NA;NA;NA;1;NA;NA;NA;NA;1;1;1;NA;NA;NA
"2009-08-03";1;1;NA;1;1;NA;NA;NA;1;NA;NA;1;1;NA;NA;1;1;NA;NA;1;NA;NA;NA;1;NA;NA;NA;NA;1;1;1;NA;NA;NA
"2009-08-10";1;1;NA;1;1;NA;NA;NA;1;NA;NA;1;1;NA;NA;1;1;NA;NA;1;NA;NA;NA;1;NA;NA;NA;NA;1;1;1;NA;NA;NA
"2009-08-17";1;1;NA;1;1;NA;NA;NA;1;NA;NA;1;1;NA;NA;1;1;NA;NA;1;NA;NA;NA;1;NA;NA;NA;NA;1;1;1;NA;NA;NA
"2009-08-24";1;1;NA;1;1;NA;NA;NA;1;NA;NA;1;1;NA;NA;1;1;NA;NA;1;NA;NA;NA;1;NA;NA;NA;NA;1;1;1;NA;NA;NA
"2009-08-31";1;1;NA;1;1;NA;NA;NA;1;NA;NA;1;1;NA;NA;1;1;NA;NA;1;NA;NA;NA;1;NA;NA;NA;NA;1;1;1;NA;NA;NA
"2009-09-07";1;1;NA;1;1;NA;NA;NA;1;NA;NA;1;1;NA;NA;1;1;NA;NA;1;NA;NA;NA;1;NA;NA;NA;NA;1;1;1;NA;NA;NA
"2009-09-14";1;1;NA;1;1;NA;NA;NA;1;NA;NA;1;1;NA;NA;1;1;NA;NA;1;NA;NA;NA;1;NA;NA;NA;NA;1;1;1;NA;NA;NA
"2009-09-21";1;1;NA;1;1;NA;NA;NA;1;NA;NA;1;1;NA;NA;1;1;NA;NA;1;NA;NA;NA;1;NA;NA;NA;NA;1;1;1;NA;NA;NA
"2009-09-28";1;1;NA;1;1;NA;NA;NA;1;NA;NA;1;1;NA;NA;1;1;NA;NA;1;NA;NA;NA;1;NA;NA;NA;NA;1;1;1;NA;NA;NA
"2009-10-05";1;1;NA;1;1;NA;NA;NA;1;NA;NA;1;1;NA;NA;1;1;NA;NA;1;NA;NA;NA;1;NA;NA;NA;NA;1;1;1;NA;NA;NA
"2009-10-12";1;1;NA;1;1;NA;NA;NA;1;NA;NA;1;1;NA;NA;1;1;NA;NA;1;NA;NA;NA;1;NA;NA;NA;NA;1;1;1;NA;NA;NA
"2009-10-19";1;1;NA;1;1;NA;NA;NA;1;NA;NA;1;1;NA;NA;1;1;NA;NA;1;NA;NA;NA;1;NA;NA;NA;NA;1;1;1;NA;NA;NA
"2009-10-26";1;1;NA;1;1;NA;NA;NA;1;NA;NA;1;1;NA;NA;1;1;NA;NA;1;NA;NA;NA;1;NA;NA;NA;NA;1;1;1;NA;NA;NA
"2009-11-02";1;1;NA;1;1;NA;NA;NA;1;NA;NA;1;1;NA;NA;1;1;NA;NA;1;NA;NA;NA;1;NA;NA;NA;NA;1;1;1;NA;NA;NA
"2009-11-09";1;1;NA;1;1;NA;NA;NA;1;NA;NA;1;1;NA;NA;1;1;NA;NA;1;NA;NA;NA;1;NA;NA;NA;NA;1;1;1;NA;NA;NA
"2009-11-16";1;1;NA;1;1;NA;NA;NA;1;NA;NA;1;1;NA;NA;1;1;NA;NA;1;NA;NA;NA;1;NA;NA;NA;NA;1;1;1;NA;NA;NA
"2009-11-23";1;1;NA;1;1;NA;NA;NA;1;NA;NA;1;1;NA;NA;1;1;NA;NA;1;NA;NA;NA;1;NA;NA;NA;NA;1;1;1;NA;NA;NA
"2009-11-30";1;1;NA;1;1;NA;NA;NA;1;NA;NA;1;1;NA;NA;1;1;NA;NA;1;NA;NA;NA;1;NA;NA;NA;NA;1;1;1;NA;NA;NA
"2009-12-07";1;1;NA;1;1;NA;NA;NA;1;NA;NA;1;1;NA;NA;1;1;NA;NA;1;NA;NA;NA;1;NA;NA;NA;NA;1;1;1;NA;NA;NA
"2009-12-14";1;1;NA;1;1;NA;NA;NA;1;NA;NA;1;1;NA;NA;1;1;NA;NA;1;NA;NA;NA;1;NA;NA;NA;NA;1;1;1;NA;NA;NA
"2009-12-21";1;1;NA;1;1;NA;NA;NA;1;NA;NA;1;1;NA;NA;1;1;NA;NA;1;NA;NA;NA;1;NA;NA;NA;NA;1;1;1;NA;NA;NA
"2009-12-28";1;1;NA;1;1;NA;NA;NA;1;NA;NA;1;1;NA;NA;1;1;NA;NA;1;NA;NA;NA;1;NA;NA;NA;NA;1;1;1;NA;NA;NA
"2010-01-04";1;1;NA;1;1;NA;NA;NA;1;NA;NA;1;1;NA;NA;1;1;NA;NA;1;NA;NA;NA;1;NA;NA;NA;NA;1;1;1;NA;NA;NA
"2010-01-11";1;1;NA;1;1;NA;NA;NA;1;NA;NA;1;1;NA;NA;1;1;NA;NA;1;NA;NA;NA;1;NA;NA;NA;NA;1;1;1;NA;NA;NA
"2010-01-18";1;1;NA;1;1;NA;NA;NA;1;NA;NA;1;1;NA;NA;1;1;NA;NA;1;NA;NA;NA;1;NA;NA;NA;NA;1;1;1;NA;NA;NA
"2010-01-25";1;1;NA;1;1;NA;NA;NA;1;NA;NA;1;1;NA;NA;1;1;NA;NA;1;NA;NA;NA;1;NA;NA;NA;NA;1;1;1;NA;NA;NA
"2010-02-01";1;1;NA;1;1;NA;NA;NA;1;NA;NA;1;1;NA;NA;1;1;NA;NA;1;NA;NA;NA;1;NA;NA;NA;NA;1;1;1;NA;NA;NA
"2010-02-08";1;1;NA;1;1;NA;NA;NA;1;NA;NA;1;1;NA;NA;1;1;NA;NA;1;NA;NA;NA;1;NA;NA;NA;NA;1;1;1;NA;NA;NA
"2010-02-15";1;1;NA;1;1;NA;NA;NA;1;NA;NA;1;1;NA;NA;1;1;NA;NA;1;NA;NA;NA;1;NA;NA;NA;NA;1;1;1;NA;NA;NA
"2010-02-22";1;1;NA;1;1;NA;NA;NA;1;NA;NA;1;1;NA;NA;1;1;NA;NA;1;NA;NA;NA;1;NA;NA;NA;NA;1;1;1;NA;NA;NA
"2010-03-01";1;1;NA;1;1;NA;NA;NA;1;NA;NA;1;1;NA;NA;1;1;NA;NA;1;NA;NA;NA;1;NA;NA;NA;NA;1;1;1;NA;NA;NA
"2010-03-08";1;1;NA;1;1;NA;NA;NA;1;NA;NA;1;1;NA;NA;1;1;NA;NA;1;NA;NA;NA;1;NA;NA;NA;NA;1;1;1;NA;NA;NA
"2010-03-15";1;1;NA;1;1;NA;NA;NA;1;NA;NA;1;1;NA;NA;1;1;NA;NA;1;NA;NA;NA;1;NA;NA;NA;NA;1;1;1;NA;NA;NA
"2010-03-22";1;1;NA;1;1;NA;NA;NA;1;NA;NA;1;1;NA;NA;1;1;NA;NA;1;NA;NA;NA;1;NA;NA;NA;NA;1;1;1;NA;NA;NA
"2010-03-29";1;1;NA;1;1;NA;NA;NA;1;NA;NA;1;1;NA;NA;1;1;NA;NA;1;NA;NA;NA;1;NA;NA;NA;NA;1;1;1;NA;NA;NA
"2010-04-05";1;1;NA;1;1;NA;NA;NA;1;NA;NA;1;1;NA;NA;1;1;NA;NA;1;NA;NA;NA;1;NA;NA;NA;NA;1;1;1;NA;NA;NA
"2010-04-12";1;1;NA;1;1;NA;NA;NA;1;NA;NA;1;1;NA;NA;1;1;NA;NA;1;NA;NA;NA;1;NA;NA;NA;NA;1;1;1;NA;NA;NA
"2010-04-19";1;1;NA;1;1;NA;NA;NA;1;NA;NA;1;1;NA;NA;1;1;NA;NA;1;NA;NA;NA;1;NA;NA;NA;NA;1;1;1;NA;NA;NA
"2010-04-26";1;1;NA;1;1;NA;NA;NA;1;NA;NA;1;1;NA;NA;1;1;NA;NA;1;NA;NA;NA;1;NA;NA;NA;NA;1;1;1;NA;NA;NA
"2010-05-03";1;1;NA;1;1;NA;NA;NA;1;NA;NA;1;1;NA;NA;1;1;NA;NA;1;NA;NA;NA;1;NA;NA;NA;NA;1;1;1;NA;NA;NA
"2010-05-10";1;1;NA;1;1;NA;NA;NA;1;NA;NA;1;1;NA;NA;1;1;NA;NA;1;NA;NA;NA;1;NA;NA;NA;NA;1;1;1;NA;NA;NA
"2010-05-17";1;1;NA;1;1;NA;NA;NA;1;NA;NA;1;1;NA;NA;1;1;NA;NA;1;NA;NA;NA;1;NA;NA;NA;NA;1;1;1;NA;NA;NA
"2010-05-24";1;1;NA;1;1;NA;NA;NA;1;NA;NA;1;1;NA;NA;1;1;NA;NA;1;NA;NA;NA;1;NA;NA;NA;NA;1;1;1;NA;NA;NA
"2010-05-31";1;1;NA;1;1;NA;NA;NA;1;NA;NA;1;1;NA;NA;1;1;NA;NA;1;NA;NA;NA;1;NA;NA;NA;NA;1;1;1;NA;NA;NA
"2010-06-07";1;1;NA;1;1;NA;NA;NA;1;NA;NA;1;1;NA;NA;1;1;NA;NA;1;NA;NA;NA;1;NA;NA;NA;NA;1;1;1;NA;NA;NA
"2010-06-14";1;1;NA;1;1;NA;NA;NA;1;NA;NA;1;1;NA;NA;1;1;NA;NA;1;NA;NA;NA;1;NA;NA;NA;NA;1;1;1;NA;NA;NA
"2010-06-21";1;1;NA;1;1;NA;NA;NA;1;NA;NA;1;1;NA;NA;1;1;NA;NA;1;NA;NA;NA;1;NA;NA;NA;NA;1;1;1;NA;NA;NA
"2010-06-28";1;1;NA;1;1;NA;NA;NA;1;NA;NA;1;1;NA;NA;1;1;NA;NA;1;NA;NA;NA;1;NA;NA;NA;NA;1;1;1;NA;NA;NA
"2010-07-05";1;1;NA;1;1;NA;NA;NA;1;NA;NA;1;1;NA;NA;1;1;NA;NA;1;NA;NA;NA;1;NA;NA;NA;NA;1;1;1;NA;NA;NA
"2010-07-12";1;1;NA;1;1;NA;NA;NA;1;NA;NA;1;1;NA;NA;1;1;NA;NA;1;NA;NA;NA;1;NA;NA;NA;NA;1;1;1;NA;NA;NA
"2010-07-19";1;1;NA;1;1;NA;NA;NA;1;NA;NA;1;1;NA;NA;1;1;NA;NA;1;NA;NA;NA;1;NA;NA;NA;NA;1;1;1;NA;NA;NA
"2010-07-26";1;1;NA;1;1;NA;NA;NA;1;NA;NA;1;1;NA;NA;1;1;NA;NA;1;NA;NA;NA;1;NA;NA;NA;NA;1;1;1;NA;NA;NA
"2010-08-02";1;1;NA;1;1;NA;NA;NA;1;NA;NA;1;1;NA;NA;1;1;NA;NA;1;NA;NA;NA;1;NA;NA;NA;NA;1;1;1;NA;NA;NA
"2010-08-09";1;1;NA;1;1;NA;NA;NA;1;NA;NA;1;1;NA;NA;1;1;NA;NA;1;NA;NA;NA;1;NA;NA;NA;NA;1;1;1;NA;NA;NA
"2010-08-16";1;1;NA;1;1;NA;NA;NA;1;NA;NA;1;1;NA;NA;1;1;NA;NA;1;NA;NA;NA;1;NA;NA;NA;NA;1;1;1;NA;NA;NA
"2010-08-23";1;1;NA;1;1;NA;NA;NA;1;NA;NA;1;1;NA;NA;1;1;NA;NA;1;NA;NA;NA;1;NA;NA;NA;NA;1;1;1;NA;NA;NA
"2010-08-30";1;1;NA;1;1;NA;NA;NA;1;NA;NA;1;1;NA;NA;1;1;NA;NA;1;NA;NA;NA;1;NA;NA;NA;NA;1;1;1;NA;NA;NA
"2010-09-06";1;1;NA;1;1;NA;NA;NA;1;NA;NA;1;1;NA;NA;1;1;NA;NA;1;NA;NA;NA;1;NA;NA;NA;NA;1;1;1;NA;NA;NA
"2010-09-13";1;1;NA;1;1;NA;NA;NA;1;NA;NA;1;1;NA;NA;1;1;NA;NA;1;NA;NA;NA;1;NA;NA;NA;NA;1;1;1;NA;NA;NA
"2010-09-20";1;1;NA;1;1;NA;NA;NA;1;NA;NA;1;1;NA;NA;1;1;NA;NA;1;NA;NA;NA;1;NA;NA;NA;NA;1;1;1;NA;NA;NA
"2010-09-27";1;1;NA;1;1;NA;NA;NA;1;NA;NA;1;1;NA;NA;1;1;NA;NA;1;NA;NA;NA;1;NA;NA;NA;NA;1;1;1;NA;NA;NA
"2010-10-04";1;1;NA;1;1;NA;NA;NA;1;NA;NA;1;1;NA;NA;1;1;NA;NA;1;NA;NA;NA;1;NA;NA;NA;NA;1;1;1;NA;NA;NA
"2010-10-11";1;1;NA;1;1;NA;NA;NA;1;NA;NA;1;1;NA;NA;1;1;NA;NA;1;NA;NA;NA;1;NA;NA;NA;NA;1;1;1;NA;NA;NA
"2010-10-18";1;1;NA;1;1;NA;NA;NA;1;NA;NA;1;1;NA;NA;1;1;NA;NA;1;NA;NA;NA;1;NA;NA;NA;NA;1;1;1;NA;NA;NA
"2010-10-25";1;1;NA;1;1;NA;NA;NA;1;NA;NA;1;1;NA;NA;1;1;NA;NA;1;NA;NA;NA;1;NA;NA;NA;NA;1;1;1;NA;NA;NA
"2010-11-01";1;1;NA;1;1;NA;NA;NA;1;NA;NA;1;1;NA;NA;1;1;NA;NA;1;NA;NA;NA;1;NA;NA;NA;NA;1;1;1;NA;NA;NA
"2010-11-08";1;1;NA;1;1;NA;NA;NA;1;NA;NA;1;1;NA;NA;1;1;NA;NA;1;NA;NA;NA;1;NA;NA;NA;NA;1;1;1;NA;NA;NA
"2010-11-15";1;1;NA;1;1;NA;NA;NA;1;NA;NA;1;1;NA;NA;1;1;NA;NA;1;NA;NA;NA;1;NA;NA;NA;NA;1;1;1;NA;NA;NA
"2010-11-22";1;1;NA;1;1;NA;NA;NA;1;NA;NA;1;1;NA;NA;1;1;NA;NA;1;NA;NA;NA;1;NA;NA;NA;NA;1;1;1;NA;NA;NA
"2010-11-29";1;1;NA;1;1;NA;NA;NA;1;NA;NA;1;1;NA;NA;1;1;NA;NA;1;NA;NA;NA;1;NA;NA;NA;NA;1;1;1;NA;NA;NA
"2010-12-06";1;1;NA;1;1;NA;NA;NA;1;NA;NA;1;1;NA;NA;1;1;NA;NA;1;NA;NA;NA;1;NA;NA;NA;NA;1;1;1;NA;NA;NA
"2010-12-13";1;1;NA;1;1;NA;NA;NA;1;NA;NA;1;1;NA;NA;1;1;NA;NA;1;NA;NA;NA;1;NA;NA;NA;NA;1;1;1;NA;NA;NA
"2010-12-20";1;1;NA;1;1;NA;NA;NA;1;NA;NA;1;1;NA;NA;1;1;NA;NA;1;NA;NA;NA;1;NA;NA;NA;NA;1;1;1;NA;NA;NA
"2010-12-27";1;1;NA;1;1;NA;NA;NA;1;NA;NA;1;1;NA;NA;1;1;NA;NA;1;NA;NA;NA;1;NA;NA;NA;NA;1;1;1;NA;NA;NA
"2011-01-03";1;1;NA;1;1;NA;NA;NA;1;NA;NA;1;1;NA;NA;1;1;NA;NA;1;NA;NA;NA;1;NA;NA;NA;NA;1;1;1;NA;NA;NA
"2011-01-10";1;1;NA;1;1;NA;NA;NA;1;NA;NA;1;1;NA;NA;1;1;NA;NA;1;NA;NA;NA;1;NA;NA;NA;NA;1;1;1;NA;NA;NA
"2011-01-17";1;1;NA;1;1;NA;NA;NA;1;NA;NA;1;1;NA;NA;1;1;NA;NA;1;NA;NA;NA;1;NA;NA;NA;NA;1;1;1;NA;NA;NA
"2011-01-24";1;1;NA;1;1;NA;NA;NA;1;NA;NA;1;1;NA;NA;1;1;NA;NA;1;NA;NA;NA;1;NA;NA;NA;NA;1;1;1;NA;NA;NA
"2011-01-31";1;1;NA;1;1;NA;NA;NA;1;NA;NA;1;1;NA;NA;1;1;NA;NA;1;NA;NA;NA;1;NA;NA;NA;NA;1;1;1;NA;NA;NA
"2011-02-07";1;1;NA;1;1;NA;NA;NA;1;NA;NA;1;1;NA;NA;1;1;NA;NA;1;NA;NA;NA;1;NA;NA;NA;NA;1;1;1;NA;NA;NA
"2011-02-14";1;1;NA;1;1;NA;NA;NA;1;NA;NA;1;1;NA;NA;1;1;NA;NA;1;NA;NA;NA;1;NA;NA;NA;NA;1;1;1;NA;NA;NA
"2011-02-21";1;1;NA;1;1;NA;NA;NA;1;NA;NA;1;1;NA;NA;1;1;NA;NA;1;NA;NA;NA;1;NA;NA;NA;NA;1;1;1;NA;NA;NA
"2011-02-28";1;1;NA;1;1;NA;NA;NA;1;NA;NA;1;1;NA;NA;1;1;NA;NA;1;NA;NA;NA;1;NA;NA;NA;NA;1;1;1;NA;NA;NA
"2011-03-07";1;1;NA;1;1;NA;NA;NA;1;NA;NA;1;1;NA;NA;1;1;NA;NA;1;NA;NA;NA;1;NA;NA;NA;NA;1;1;1;NA;NA;NA
"2011-03-14";1;1;NA;1;1;NA;NA;NA;1;NA;NA;1;1;NA;NA;1;1;NA;NA;1;NA;NA;NA;1;NA;NA;NA;NA;1;1;1;NA;NA;NA
"2011-03-21";1;1;NA;1;1;NA;NA;NA;1;NA;NA;1;1;NA;NA;1;1;NA;NA;1;NA;NA;NA;1;NA;NA;NA;NA;1;1;1;NA;NA;NA
"2011-03-28";1;1;NA;1;1;NA;NA;NA;1;NA;NA;1;1;NA;NA;1;1;NA;NA;1;NA;NA;NA;1;NA;NA;NA;NA;1;1;1;NA;NA;NA
"2011-04-04";1;1;NA;1;1;NA;NA;NA;1;NA;NA;1;1;NA;NA;1;1;NA;NA;1;NA;NA;NA;1;NA;NA;NA;NA;1;1;1;NA;NA;NA
"2011-04-11";1;1;NA;1;1;NA;NA;NA;1;NA;NA;1;1;NA;NA;1;1;NA;NA;1;NA;NA;NA;1;NA;NA;NA;NA;1;1;1;NA;NA;NA
"2011-04-18";1;1;NA;1;1;NA;NA;NA;1;NA;NA;1;1;NA;NA;1;1;NA;NA;1;NA;NA;NA;1;NA;NA;NA;NA;1;1;1;NA;NA;NA
"2011-04-25";1;1;NA;1;1;NA;NA;NA;1;NA;NA;1;1;NA;NA;1;1;NA;NA;1;NA;NA;NA;1;NA;NA;NA;NA;1;1;1;NA;NA;NA
"2011-05-02";1;1;NA;1;1;NA;NA;NA;1;NA;NA;1;1;NA;NA;1;1;NA;NA;1;NA;NA;NA;1;NA;NA;NA;NA;1;1;1;NA;NA;NA
"2011-05-09";1;1;NA;1;1;NA;NA;NA;1;NA;NA;1;1;NA;NA;1;1;NA;NA;1;NA;NA;NA;1;NA;NA;NA;NA;1;1;1;NA;NA;NA
"2011-05-16";1;1;NA;1;1;NA;NA;NA;1;NA;NA;1;1;NA;NA;1;1;NA;NA;1;NA;NA;NA;1;NA;NA;NA;NA;1;1;1;NA;NA;NA
"2011-05-23";1;1;NA;1;1;NA;NA;NA;1;NA;NA;1;1;NA;NA;1;1;NA;NA;1;NA;NA;NA;1;NA;NA;NA;NA;1;1;1;NA;NA;NA
"2011-05-30";1;1;NA;1;1;NA;NA;NA;1;NA;NA;1;1;NA;NA;1;1;NA;NA;1;NA;NA;NA;1;NA;NA;NA;NA;1;1;1;NA;NA;NA
"2011-06-06";1;1;NA;1;1;NA;NA;NA;1;NA;NA;1;1;NA;NA;1;1;NA;NA;1;NA;NA;NA;1;NA;NA;NA;NA;1;1;1;NA;NA;NA
"2011-06-13";1;1;NA;1;1;NA;NA;NA;1;NA;NA;1;1;NA;NA;1;1;NA;NA;1;NA;NA;NA;1;NA;NA;NA;NA;1;1;1;NA;NA;NA
"2011-06-20";1;1;NA;1;1;NA;NA;NA;1;NA;NA;1;1;NA;NA;1;1;NA;NA;1;NA;NA;NA;1;NA;NA;NA;NA;1;1;1;NA;NA;NA
"2011-06-27";1;1;NA;1;1;NA;NA;NA;1;NA;NA;1;1;NA;NA;1;1;NA;NA;1;NA;NA;NA;1;NA;NA;NA;NA;1;1;1;NA;NA;NA
"2011-07-04";1;1;NA;1;1;NA;NA;NA;1;NA;NA;1;1;NA;NA;1;1;NA;NA;1;NA;NA;NA;1;NA;NA;NA;NA;1;1;1;NA;NA;NA
"2011-07-11";1;1;NA;1;1;NA;NA;NA;1;NA;NA;1;1;NA;NA;1;1;NA;NA;1;NA;NA;NA;1;NA;NA;NA;NA;1;1;1;NA;NA;NA
"2011-07-18";1;1;NA;1;1;NA;NA;NA;1;NA;NA;1;1;NA;NA;1;1;NA;NA;1;NA;NA;NA;1;NA;NA;NA;NA;1;1;1;NA;NA;NA
"2011-07-25";1;1;NA;1;1;NA;NA;NA;1;NA;NA;1;1;NA;NA;1;1;NA;NA;1;NA;NA;NA;1;NA;NA;NA;NA;1;1;1;NA;NA;NA
"2011-08-01";1;1;NA;1;1;NA;NA;NA;1;NA;NA;1;1;NA;NA;1;1;NA;NA;1;NA;NA;NA;1;NA;NA;NA;NA;1;1;1;NA;NA;NA
"2011-08-08";1;1;NA;1;1;NA;NA;NA;1;NA;NA;1;1;NA;NA;1;1;NA;NA;1;NA;NA;NA;1;NA;NA;NA;NA;1;1;1;NA;NA;NA
"2011-08-15";1;1;NA;1;1;NA;NA;NA;1;NA;NA;1;1;NA;NA;1;1;NA;NA;1;NA;NA;NA;1;NA;NA;NA;NA;1;1;1;NA;NA;NA
"2011-08-22";1;1;NA;1;1;NA;NA;NA;1;NA;NA;1;1;NA;NA;1;1;NA;NA;1;NA;NA;NA;1;NA;NA;NA;NA;1;1;1;NA;NA;NA
"2011-08-29";1;1;NA;1;1;NA;NA;NA;1;NA;NA;1;1;NA;NA;1;1;NA;NA;1;NA;NA;NA;1;NA;NA;NA;NA;1;1;1;NA;NA;NA
"2011-09-05";1;1;NA;1;1;NA;NA;NA;1;NA;NA;1;1;NA;NA;1;1;NA;NA;1;NA;NA;NA;1;NA;NA;NA;NA;1;1;1;NA;NA;NA
"2011-09-12";1;1;NA;1;1;NA;NA;NA;1;NA;NA;1;1;NA;NA;1;1;NA;NA;1;NA;NA;NA;1;NA;NA;NA;NA;1;1;1;NA;NA;NA
"2011-09-19";1;1;NA;1;1;NA;NA;NA;1;NA;NA;1;1;NA;NA;1;1;NA;NA;1;NA;NA;NA;1;NA;NA;NA;NA;1;1;1;NA;NA;NA
"2011-09-26";1;1;NA;1;1;NA;NA;NA;1;NA;NA;1;1;NA;NA;1;1;NA;NA;1;NA;NA;NA;1;NA;NA;NA;NA;1;1;1;NA;NA;NA
"2011-10-03";1;1;NA;1;1;NA;NA;NA;1;NA;NA;1;1;NA;NA;1;1;NA;NA;1;NA;NA;NA;1;NA;NA;NA;NA;1;1;1;NA;NA;NA
"2011-10-10";1;1;NA;1;1;NA;NA;NA;1;NA;NA;1;1;NA;NA;1;1;NA;NA;1;NA;NA;NA;1;NA;NA;NA;NA;1;1;1;NA;NA;NA
"2011-10-17";1;1;NA;1;1;NA;NA;NA;1;NA;NA;1;1;NA;NA;1;1;NA;NA;1;NA;NA;NA;1;NA;NA;NA;NA;1;1;1;NA;NA;NA
"2011-10-24";1;1;NA;1;1;NA;NA;NA;1;NA;NA;1;1;NA;NA;1;1;NA;NA;1;NA;NA;NA;1;NA;NA;NA;NA;1;1;1;NA;NA;NA
"2011-10-31";1;1;NA;1;1;NA;NA;NA;1;NA;NA;1;1;NA;NA;1;1;NA;NA;1;NA;NA;NA;1;NA;NA;NA;NA;1;1;1;NA;NA;NA
"2011-11-07";1;1;NA;1;1;NA;NA;NA;1;NA;NA;1;1;NA;NA;1;1;NA;NA;1;NA;NA;NA;1;NA;NA;NA;NA;1;1;1;NA;NA;NA
"2011-11-14";1;1;NA;1;1;NA;NA;NA;1;NA;NA;1;1;NA;NA;1;1;NA;NA;1;NA;NA;NA;1;NA;NA;NA;NA;1;1;1;NA;NA;NA
"2011-11-21";1;1;NA;1;1;NA;NA;NA;1;NA;NA;1;1;NA;NA;1;1;NA;NA;1;NA;NA;NA;1;NA;NA;NA;NA;1;1;1;NA;NA;NA
"2011-11-28";1;1;NA;1;1;NA;NA;NA;1;NA;NA;1;1;NA;NA;1;1;NA;NA;1;NA;NA;NA;1;NA;NA;NA;NA;1;1;1;NA;NA;NA
"2011-12-05";1;1;NA;1;1;NA;NA;NA;1;NA;NA;1;1;NA;NA;1;1;NA;NA;1;NA;NA;NA;1;NA;NA;NA;NA;1;1;1;NA;NA;NA
"2011-12-12";1;1;NA;1;1;NA;NA;NA;1;NA;NA;1;1;NA;NA;1;1;NA;NA;1;NA;NA;NA;1;NA;NA;NA;NA;1;1;1;NA;NA;NA
"2011-12-19";1;1;NA;1;1;NA;NA;NA;1;NA;NA;1;1;NA;NA;1;1;NA;NA;1;NA;NA;NA;1;NA;NA;NA;NA;1;1;1;NA;NA;NA
"2011-12-26";1;1;NA;1;1;NA;NA;NA;1;NA;NA;1;1;NA;NA;1;1;NA;NA;1;NA;NA;NA;1;NA;NA;NA;NA;1;1;1;NA;NA;NA
"2012-01-02";1;1;NA;1;1;NA;NA;NA;1;NA;NA;1;1;NA;NA;1;1;NA;NA;1;NA;NA;NA;1;NA;NA;NA;NA;1;1;1;NA;NA;NA
"2012-01-09";1;1;NA;1;1;NA;NA;NA;1;NA;NA;1;1;NA;NA;1;1;NA;NA;1;NA;NA;NA;1;NA;NA;NA;NA;1;1;1;NA;NA;NA
"2012-01-16";1;1;NA;1;1;NA;NA;NA;1;NA;NA;1;1;NA;NA;1;1;NA;NA;1;NA;NA;NA;1;NA;NA;NA;NA;1;1;1;NA;NA;NA
"2012-01-23";1;1;NA;1;1;NA;NA;NA;1;NA;NA;1;1;NA;NA;1;1;NA;NA;1;NA;NA;NA;1;NA;NA;NA;NA;1;1;1;NA;NA;NA
"2012-01-30";1;1;NA;1;1;NA;NA;NA;1;NA;NA;1;1;NA;NA;1;1;NA;NA;1;NA;NA;NA;1;NA;NA;NA;NA;1;1;1;NA;NA;NA
"2012-02-06";1;1;NA;1;1;NA;NA;NA;1;NA;NA;1;1;NA;NA;1;1;NA;NA;1;NA;NA;NA;1;NA;NA;NA;NA;1;1;1;NA;NA;NA
"2012-02-13";1;1;NA;1;1;NA;NA;NA;1;NA;NA;1;1;NA;NA;1;1;NA;NA;1;NA;NA;NA;1;NA;NA;NA;NA;1;1;1;NA;NA;NA
"2012-02-20";1;1;NA;1;1;NA;NA;NA;1;NA;NA;1;1;NA;NA;1;1;NA;NA;1;NA;NA;NA;1;NA;NA;NA;NA;1;1;1;NA;NA;NA
"2012-02-27";1;1;NA;1;1;NA;NA;NA;1;NA;NA;1;1;NA;NA;1;1;NA;NA;1;NA;NA;NA;1;NA;NA;NA;NA;1;1;1;NA;NA;NA
"2012-03-05";1;1;NA;1;1;NA;NA;NA;1;NA;NA;1;1;NA;NA;1;1;NA;NA;1;NA;NA;NA;1;NA;NA;NA;NA;1;1;1;NA;NA;NA
"2012-03-12";1;1;NA;1;1;NA;NA;NA;1;NA;NA;1;1;NA;NA;1;1;NA;NA;1;NA;NA;NA;1;NA;NA;NA;NA;1;1;1;NA;NA;NA
"2012-03-19";1;1;NA;1;1;NA;NA;NA;1;NA;NA;1;1;NA;NA;1;1;NA;NA;1;NA;NA;NA;1;NA;NA;NA;NA;1;1;1;NA;NA;NA
"2012-03-26";1;1;NA;1;1;NA;NA;NA;1;NA;NA;1;1;NA;NA;1;1;NA;NA;1;NA;NA;NA;1;NA;NA;NA;NA;1;1;1;NA;NA;NA
"2012-04-02";1;1;NA;1;1;NA;NA;NA;1;NA;NA;1;1;NA;NA;1;1;NA;NA;1;NA;NA;NA;1;NA;NA;NA;NA;1;1;1;NA;NA;NA
"2012-04-09";1;1;NA;1;1;NA;NA;NA;1;NA;NA;1;1;NA;NA;1;1;NA;NA;1;NA;NA;NA;1;NA;NA;NA;NA;1;1;1;NA;NA;NA
"2012-04-16";1;1;NA;1;1;NA;NA;NA;1;NA;NA;1;1;NA;NA;1;1;NA;NA;1;NA;NA;NA;1;NA;NA;NA;NA;1;1;1;NA;NA;NA
"2012-04-23";1;1;NA;1;1;NA;NA;NA;1;NA;NA;1;1;NA;NA;1;1;NA;NA;1;NA;NA;NA;1;NA;NA;NA;NA;1;1;1;NA;NA;NA
"2012-04-30";1;1;NA;1;1;NA;NA;NA;1;NA;NA;1;1;NA;NA;1;1;NA;NA;1;NA;NA;NA;1;NA;NA;NA;NA;1;1;1;NA;NA;NA
"2012-05-07";1;1;NA;1;1;NA;NA;NA;1;NA;NA;1;1;NA;NA;1;1;NA;NA;1;NA;NA;NA;1;NA;NA;NA;NA;1;1;1;NA;NA;NA
"2012-05-14";1;1;NA;1;1;NA;NA;NA;1;NA;NA;1;1;NA;NA;1;1;NA;NA;1;NA;NA;NA;1;NA;NA;NA;NA;1;1;1;NA;NA;NA
"2012-05-21";1;1;NA;1;1;NA;NA;NA;1;NA;NA;1;1;NA;NA;1;1;NA;NA;1;NA;NA;NA;1;NA;NA;NA;NA;1;1;1;NA;NA;NA
"2012-05-28";1;1;NA;1;1;NA;NA;NA;1;NA;NA;1;1;NA;NA;1;1;NA;NA;1;NA;NA;NA;1;NA;NA;NA;NA;1;1;1;NA;NA;NA
"2012-06-04";1;1;NA;1;1;NA;NA;NA;1;NA;NA;1;1;NA;NA;1;1;NA;NA;1;NA;NA;NA;1;NA;NA;NA;NA;1;1;1;NA;NA;NA
"2012-06-11";1;1;NA;1;1;NA;NA;NA;1;NA;NA;1;1;NA;NA;1;1;NA;NA;1;NA;NA;NA;1;NA;NA;NA;NA;1;1;1;NA;NA;NA
"2012-06-18";1;1;NA;1;1;NA;NA;NA;1;NA;NA;1;1;NA;NA;1;1;NA;NA;1;NA;NA;NA;1;NA;NA;NA;NA;1;1;1;NA;NA;NA
"2012-06-25";1;1;NA;1;1;NA;NA;NA;1;NA;NA;1;1;NA;NA;1;1;NA;NA;1;NA;NA;NA;1;NA;NA;NA;NA;1;1;1;NA;NA;NA
"2012-07-02";1;1;NA;1;1;NA;NA;NA;1;NA;NA;1;1;NA;NA;1;1;NA;NA;1;NA;NA;NA;1;NA;NA;NA;NA;1;1;1;NA;NA;NA
"2012-07-09";1;1;NA;1;1;NA;NA;NA;1;NA;NA;1;1;NA;NA;1;1;NA;NA;1;NA;NA;NA;1;NA;NA;NA;NA;1;1;1;NA;NA;NA
"2012-07-16";1;1;NA;1;1;NA;NA;NA;1;NA;NA;1;1;NA;NA;1;1;NA;NA;1;NA;NA;NA;1;NA;NA;NA;NA;1;1;1;NA;NA;NA
"2012-07-23";1;1;NA;1;1;NA;NA;NA;1;NA;NA;1;1;NA;NA;1;1;NA;NA;1;NA;NA;NA;1;NA;NA;NA;NA;1;1;1;NA;NA;NA
"2012-07-30";1;1;NA;1;1;NA;NA;NA;1;NA;NA;1;1;NA;NA;1;1;NA;NA;1;NA;NA;NA;1;NA;NA;NA;NA;1;1;1;NA;NA;NA
"2012-08-06";1;1;NA;1;1;NA;NA;NA;1;NA;NA;1;1;NA;NA;1;1;NA;NA;1;NA;NA;NA;1;NA;NA;NA;NA;1;1;1;NA;NA;NA
"2012-08-13";1;1;NA;1;1;NA;NA;NA;1;NA;NA;1;1;NA;NA;1;1;NA;NA;1;NA;NA;NA;1;NA;NA;NA;NA;1;1;1;NA;NA;NA
"2012-08-20";1;1;NA;1;1;NA;NA;NA;1;NA;NA;1;1;NA;NA;1;1;NA;NA;1;NA;NA;NA;1;NA;NA;NA;NA;1;1;1;NA;NA;NA
"2012-08-27";1;1;NA;1;1;NA;NA;NA;1;NA;NA;1;1;NA;NA;1;1;NA;NA;1;NA;NA;NA;1;NA;NA;NA;NA;1;1;1;NA;NA;NA
"2012-09-03";1;1;NA;1;1;NA;NA;NA;1;NA;NA;1;1;NA;NA;1;1;NA;NA;1;NA;NA;NA;1;NA;NA;NA;NA;1;1;1;NA;NA;NA
"2012-09-10";1;1;NA;1;1;NA;NA;NA;1;NA;NA;1;1;NA;NA;1;1;NA;NA;1;NA;NA;NA;1;NA;NA;NA;NA;1;1;1;NA;NA;NA
"2012-09-17";1;1;NA;1;1;NA;NA;NA;1;NA;NA;1;1;NA;NA;1;1;NA;NA;1;NA;NA;NA;1;NA;NA;NA;NA;1;1;1;NA;NA;NA
"2012-09-24";1;1;NA;1;1;NA;NA;NA;1;NA;NA;1;1;NA;NA;1;1;NA;NA;1;NA;NA;NA;1;NA;NA;NA;NA;1;1;1;NA;NA;NA
"2012-10-01";1;1;NA;1;1;NA;NA;NA;1;NA;NA;1;1;NA;NA;1;1;NA;NA;1;NA;NA;NA;1;NA;NA;NA;NA;1;1;1;NA;NA;NA
"2012-10-08";1;1;NA;1;1;NA;NA;NA;1;NA;NA;1;1;NA;NA;1;1;NA;NA;1;NA;NA;NA;1;NA;NA;NA;NA;1;1;1;NA;NA;NA
"2012-10-15";1;1;NA;1;1;NA;NA;NA;1;NA;NA;1;1;NA;NA;1;1;NA;NA;1;NA;NA;NA;1;NA;NA;NA;NA;1;1;1;NA;NA;NA
"2012-10-22";1;1;NA;1;1;NA;NA;NA;1;NA;NA;1;1;NA;NA;1;1;NA;NA;1;NA;NA;NA;1;NA;NA;NA;NA;1;1;1;NA;NA;NA
"2012-10-29";1;1;NA;1;1;NA;NA;NA;1;NA;NA;1;1;NA;NA;1;1;NA;NA;1;NA;NA;NA;1;NA;NA;NA;NA;1;1;1;NA;NA;NA
"2012-11-05";1;1;NA;1;1;NA;NA;NA;1;NA;NA;1;1;NA;NA;1;1;NA;NA;1;NA;NA;NA;1;NA;NA;NA;NA;1;1;1;NA;NA;NA
"2012-11-12";1;1;NA;1;1;NA;NA;NA;1;NA;NA;1;1;NA;NA;1;1;NA;NA;1;NA;NA;NA;1;NA;NA;NA;NA;1;1;1;NA;NA;NA
"2012-11-19";1;1;NA;1;1;NA;NA;NA;1;NA;NA;1;1;NA;NA;1;1;NA;NA;1;NA;NA;NA;1;NA;NA;NA;NA;1;1;1;NA;NA;NA
"2012-11-26";1;1;NA;1;1;NA;NA;NA;1;NA;NA;1;1;NA;NA;1;1;NA;NA;1;NA;NA;NA;1;NA;NA;NA;NA;1;1;1;NA;NA;NA
"2012-12-03";1;1;NA;1;1;NA;NA;NA;1;NA;NA;1;1;NA;NA;1;1;NA;NA;1;NA;NA;NA;1;NA;NA;NA;NA;1;1;1;NA;NA;NA
"2012-12-10";1;1;NA;1;1;NA;NA;NA;1;NA;NA;1;1;NA;NA;1;1;NA;NA;1;NA;NA;NA;1;NA;NA;NA;NA;1;1;1;NA;NA;NA
"2012-12-17";1;1;NA;1;1;NA;NA;NA;1;NA;NA;1;1;NA;NA;1;1;NA;NA;1;NA;NA;NA;1;NA;NA;NA;NA;1;1;1;NA;NA;NA
"2012-12-24";1;1;NA;1;1;NA;NA;NA;1;NA;NA;1;1;NA;NA;1;1;NA;NA;1;NA;NA;NA;1;NA;NA;NA;NA;1;1;1;NA;NA;NA
"2012-12-31";1;1;NA;1;1;NA;NA;NA;1;NA;NA;1;1;NA;NA;1;1;NA;NA;1;NA;NA;NA;1;NA;NA;NA;NA;1;1;1;NA;NA;NA
"2013-01-07";1;1;NA;1;1;NA;NA;NA;1;NA;NA;1;1;NA;NA;1;1;NA;NA;1;NA;NA;NA;1;NA;NA;NA;NA;1;1;1;NA;NA;NA
"2013-01-14";1;1;NA;1;1;NA;NA;NA;1;NA;NA;1;1;NA;NA;1;1;NA;NA;1;NA;NA;NA;1;NA;NA;NA;NA;1;1;1;NA;NA;NA
"2013-01-21";1;1;NA;1;1;NA;NA;NA;1;NA;NA;1;1;NA;NA;1;1;NA;NA;1;NA;NA;NA;1;NA;NA;NA;NA;1;1;1;NA;NA;NA
"2013-01-28";1;1;NA;1;1;NA;NA;NA;1;NA;NA;1;1;NA;NA;1;1;NA;NA;1;NA;NA;NA;1;NA;NA;NA;NA;1;1;1;NA;NA;NA
"2013-02-04";1;1;NA;1;1;NA;NA;NA;1;NA;NA;1;1;NA;NA;1;1;NA;NA;1;NA;NA;NA;1;NA;NA;NA;NA;1;1;1;NA;NA;NA
"2013-02-11";1;1;NA;1;1;NA;NA;NA;1;NA;NA;1;1;NA;NA;1;1;NA;NA;1;NA;NA;NA;1;NA;NA;NA;NA;1;1;1;NA;NA;NA
"2013-02-18";1;1;NA;1;1;NA;NA;NA;1;NA;NA;1;1;NA;NA;1;1;NA;NA;1;NA;NA;NA;1;NA;NA;NA;NA;1;1;1;NA;NA;NA
"2013-02-25";1;1;NA;1;1;NA;NA;NA;1;NA;NA;1;1;NA;NA;1;1;NA;NA;1;NA;NA;NA;1;NA;NA;NA;NA;1;1;1;NA;NA;NA
"2013-03-04";1;1;NA;1;1;NA;NA;NA;1;NA;NA;1;1;NA;NA;1;1;NA;NA;1;NA;NA;NA;1;NA;NA;NA;NA;1;1;1;NA;NA;NA
"2013-03-11";1;1;NA;1;1;NA;NA;NA;1;NA;NA;1;1;NA;NA;1;1;NA;NA;1;NA;NA;NA;1;NA;NA;NA;NA;1;1;1;NA;NA;NA
"2013-03-18";1;1;NA;1;1;NA;NA;NA;1;NA;NA;1;1;NA;NA;1;1;NA;NA;1;NA;NA;NA;1;NA;NA;NA;NA;1;1;1;NA;NA;NA
"2013-03-25";1;1;NA;1;1;NA;NA;NA;1;NA;NA;1;1;NA;NA;1;1;NA;NA;1;NA;NA;NA;1;NA;NA;NA;NA;1;1;1;NA;NA;NA
"2013-04-01";1;1;NA;1;1;NA;NA;NA;1;NA;NA;1;1;NA;NA;1;1;NA;NA;1;NA;NA;NA;1;NA;NA;NA;NA;1;1;1;NA;NA;NA
"2013-04-08";1;1;NA;1;1;NA;NA;NA;1;NA;NA;1;1;NA;NA;1;1;NA;NA;1;NA;NA;NA;1;NA;NA;NA;NA;1;1;1;NA;NA;NA
"2013-04-15";1;1;NA;1;1;NA;NA;NA;1;NA;NA;1;1;NA;NA;1;1;NA;NA;1;NA;NA;NA;1;NA;NA;NA;NA;1;1;1;NA;NA;NA
"2013-04-22";1;1;NA;1;1;NA;NA;NA;1;NA;NA;1;1;NA;NA;1;1;NA;NA;1;NA;NA;NA;1;NA;NA;NA;NA;1;1;1;NA;NA;NA
"2013-04-29";1;1;NA;1;1;NA;NA;NA;1;NA;NA;1;1;NA;NA;1;1;NA;NA;1;NA;NA;NA;1;NA;NA;NA;NA;1;1;1;NA;NA;NA
"2013-05-06";1;1;NA;1;1;NA;NA;NA;1;NA;NA;1;1;NA;NA;1;1;NA;NA;1;NA;NA;NA;1;NA;NA;NA;NA;1;1;1;NA;NA;NA
"2013-05-13";1;1;NA;1;1;NA;NA;NA;1;NA;NA;1;1;NA;NA;1;1;NA;NA;1;NA;NA;NA;1;NA;NA;NA;NA;1;1;1;NA;NA;NA
"2013-05-20";1;1;NA;1;1;NA;NA;NA;1;NA;NA;1;1;NA;NA;1;1;NA;NA;1;NA;NA;NA;1;NA;NA;NA;NA;1;1;1;NA;NA;NA
"2013-05-27";1;1;NA;1;1;NA;NA;NA;1;NA;NA;1;1;NA;NA;1;1;NA;NA;1;NA;NA;NA;1;NA;NA;NA;NA;1;1;1;NA;NA;NA
"2013-06-03";1;1;NA;1;1;NA;NA;NA;1;NA;NA;1;1;NA;NA;1;1;NA;NA;1;NA;NA;NA;1;NA;NA;NA;NA;1;1;1;NA;NA;NA
"2013-06-10";1;1;NA;1;1;NA;NA;NA;1;NA;NA;1;1;NA;NA;1;1;NA;NA;1;NA;NA;NA;1;NA;NA;NA;NA;1;1;1;NA;NA;NA
"2013-06-17";1;1;NA;1;1;NA;NA;NA;1;NA;NA;1;1;NA;NA;1;1;NA;NA;1;NA;NA;NA;1;NA;NA;NA;NA;1;1;1;NA;NA;NA
"2013-06-24";1;1;NA;1;1;NA;NA;NA;1;NA;NA;1;1;NA;NA;1;1;NA;NA;1;NA;NA;NA;1;NA;NA;NA;NA;1;1;1;NA;NA;NA
"2013-07-01";1;1;NA;1;1;NA;NA;NA;1;NA;NA;1;1;NA;NA;1;1;NA;NA;1;NA;NA;NA;1;NA;NA;NA;NA;1;1;1;NA;NA;NA
"2013-07-08";1;1;NA;1;1;NA;NA;NA;1;NA;NA;1;1;NA;NA;1;1;NA;NA;1;NA;NA;NA;1;NA;NA;NA;NA;1;1;1;NA;NA;NA
"2013-07-15";1;1;NA;1;1;NA;NA;NA;1;NA;NA;1;1;NA;NA;1;1;NA;NA;1;NA;NA;NA;1;NA;NA;NA;NA;1;1;1;NA;NA;NA
"2013-07-22";1;1;NA;1;1;NA;NA;NA;1;NA;NA;1;1;NA;NA;1;1;NA;NA;1;NA;NA;NA;1;NA;NA;NA;NA;1;1;1;NA;NA;NA
"2013-07-29";1;1;NA;1;1;NA;NA;NA;1;NA;NA;1;1;NA;NA;1;1;NA;NA;1;NA;NA;NA;1;NA;NA;NA;NA;1;1;1;NA;NA;NA
"2013-08-05";1;1;NA;1;1;NA;NA;NA;1;NA;NA;1;1;NA;NA;1;1;NA;NA;1;NA;NA;NA;1;NA;NA;NA;NA;1;1;1;NA;NA;NA
"2013-08-12";1;1;NA;1;1;NA;NA;NA;1;NA;NA;1;1;NA;NA;1;1;NA;NA;1;NA;NA;NA;1;NA;NA;NA;NA;1;1;1;NA;NA;NA
"2013-08-19";1;1;NA;1;1;NA;NA;NA;1;NA;NA;1;1;NA;NA;1;1;NA;NA;1;NA;NA;NA;1;NA;NA;NA;NA;1;1;1;NA;NA;NA
"2013-08-26";1;1;NA;1;1;NA;NA;NA;1;NA;NA;1;1;NA;NA;1;1;NA;NA;1;NA;NA;NA;1;NA;NA;NA;NA;1;1;1;NA;NA;NA
"2013-09-02";1;1;NA;1;1;NA;NA;NA;1;NA;NA;1;1;NA;NA;1;1;NA;NA;1;NA;NA;NA;1;NA;NA;NA;NA;1;1;1;NA;NA;NA
"2013-09-09";1;1;NA;1;1;NA;NA;NA;1;NA;NA;1;1;NA;NA;1;1;NA;NA;1;NA;NA;NA;1;NA;NA;NA;NA;1;1;1;NA;NA;NA
"2013-09-16";1;1;NA;1;1;NA;NA;NA;1;NA;NA;1;1;NA;NA;1;1;NA;NA;1;NA;NA;NA;1;NA;NA;NA;NA;1;1;1;NA;NA;NA
"2013-09-23";1;1;NA;1;1;NA;NA;NA;1;NA;NA;1;1;NA;NA;1;1;NA;NA;1;NA;NA;NA;1;NA;NA;NA;NA;1;1;1;NA;NA;NA
"2013-09-30";1;1;NA;1;1;NA;NA;NA;1;NA;NA;1;1;NA;NA;1;1;NA;NA;1;NA;NA;NA;1;NA;NA;NA;NA;1;1;1;NA;NA;NA
"2013-10-07";1;1;NA;1;1;NA;NA;NA;1;NA;NA;1;1;NA;NA;1;1;NA;NA;1;NA;NA;NA;1;NA;NA;NA;NA;1;1;1;NA;NA;NA
"2013-10-14";1;1;NA;1;1;NA;NA;NA;1;NA;NA;1;1;NA;NA;1;1;NA;NA;1;NA;NA;NA;1;NA;NA;NA;NA;1;1;1;NA;NA;NA
"2013-10-21";1;1;NA;1;1;NA;NA;NA;1;NA;NA;1;1;NA;NA;1;1;NA;NA;1;NA;NA;NA;1;NA;NA;NA;NA;1;1;1;NA;NA;NA
"2013-10-28";1;1;NA;1;1;NA;NA;NA;1;NA;NA;1;1;NA;NA;1;1;NA;NA;1;NA;NA;NA;1;NA;NA;NA;NA;1;1;1;NA;NA;NA
"2013-11-04";1;1;NA;1;1;NA;NA;NA;1;NA;NA;1;1;NA;NA;1;1;NA;NA;1;NA;NA;NA;1;NA;NA;NA;NA;1;1;1;NA;NA;NA
"2013-11-11";1;1;NA;1;1;NA;NA;NA;1;NA;NA;1;1;NA;NA;1;1;NA;NA;1;NA;NA;NA;1;NA;NA;NA;NA;1;1;1;NA;NA;NA
"2013-11-18";1;1;NA;1;1;NA;NA;NA;1;NA;NA;1;1;NA;NA;1;1;NA;NA;1;NA;NA;NA;1;NA;NA;NA;NA;1;1;1;NA;NA;NA
"2013-11-25";1;1;NA;1;1;NA;NA;NA;1;NA;NA;1;1;NA;NA;1;1;NA;NA;1;NA;NA;NA;1;NA;NA;NA;NA;1;1;1;NA;NA;NA
"2013-12-02";1;1;NA;1;1;NA;NA;NA;1;NA;NA;1;1;NA;NA;1;1;NA;NA;1;NA;NA;NA;1;NA;NA;NA;NA;1;1;1;NA;NA;NA
"2013-12-09";1;1;NA;1;1;NA;NA;NA;1;NA;NA;1;1;NA;NA;1;1;NA;NA;1;NA;NA;NA;1;NA;NA;NA;NA;1;1;1;NA;NA;NA
"2013-12-16";1;1;NA;1;1;NA;NA;NA;1;NA;NA;1;1;NA;NA;1;1;NA;NA;1;NA;NA;NA;1;NA;NA;NA;NA;1;1;1;NA;NA;NA
"2013-12-23";1;1;NA;1;1;NA;NA;NA;1;NA;NA;1;1;NA;NA;1;1;NA;NA;1;NA;NA;NA;1;NA;NA;NA;NA;1;1;1;NA;NA;NA
"2013-12-30";1;1;NA;1;1;NA;NA;NA;1;NA;NA;1;1;NA;NA;1;1;NA;NA;1;NA;NA;NA;1;NA;NA;NA;NA;1;1;1;NA;NA;NA
"2014-01-06";1;1;NA;1;1;NA;NA;NA;1;NA;NA;1;1;NA;NA;1;1;NA;NA;1;NA;NA;NA;1;NA;NA;NA;NA;1;1;1;NA;NA;NA
"2014-01-13";1;1;NA;1;1;NA;NA;NA;1;NA;NA;1;1;NA;NA;1;1;NA;NA;1;NA;NA;NA;1;NA;NA;NA;NA;1;1;1;NA;NA;NA
"2014-01-20";1;1;NA;1;1;NA;NA;NA;1;NA;NA;1;1;NA;NA;1;1;NA;NA;1;NA;NA;NA;1;NA;NA;NA;NA;1;1;1;NA;NA;NA
"2014-01-27";1;1;NA;1;1;NA;NA;NA;1;NA;NA;1;1;NA;NA;1;1;NA;NA;1;NA;NA;NA;1;NA;NA;NA;NA;1;1;1;NA;NA;NA
"2014-02-03";1;1;NA;1;1;NA;NA;NA;1;NA;NA;1;1;NA;NA;1;1;NA;NA;1;NA;NA;NA;1;NA;NA;NA;NA;1;1;1;NA;NA;NA
"2014-02-10";1;1;NA;1;1;NA;NA;NA;1;NA;NA;1;1;NA;NA;1;1;NA;NA;1;NA;NA;NA;1;NA;NA;NA;NA;1;1;1;NA;NA;NA
"2014-02-17";1;1;NA;1;1;NA;NA;NA;1;NA;NA;1;1;NA;NA;1;1;NA;NA;1;NA;NA;NA;1;NA;NA;NA;NA;1;1;1;NA;NA;NA
"2014-02-24";1;1;NA;1;1;NA;NA;NA;1;NA;NA;1;1;NA;NA;1;1;NA;NA;1;NA;NA;NA;1;NA;NA;NA;NA;1;1;1;NA;NA;NA
"2014-03-03";1;1;NA;1;1;NA;NA;NA;1;NA;NA;1;1;NA;NA;1;1;NA;NA;1;NA;NA;NA;1;NA;NA;NA;NA;1;1;1;NA;NA;NA
"2014-03-10";1;1;NA;1;1;NA;NA;NA;1;NA;NA;1;1;NA;NA;1;1;NA;NA;1;NA;NA;NA;1;NA;NA;NA;NA;1;1;1;NA;NA;NA
"2014-03-17";1;1;NA;1;1;NA;NA;NA;1;NA;NA;1;1;NA;NA;1;1;NA;NA;1;NA;NA;NA;1;NA;NA;NA;NA;1;1;1;NA;NA;NA
"2014-03-24";1;1;NA;1;1;NA;NA;NA;1;NA;NA;1;1;NA;NA;1;1;NA;NA;1;NA;NA;NA;1;NA;NA;NA;NA;1;1;1;NA;NA;NA
"2014-03-31";1;1;NA;1;1;NA;NA;NA;1;NA;NA;1;1;NA;NA;1;1;NA;NA;1;NA;NA;NA;1;NA;NA;NA;NA;1;1;1;NA;NA;NA
"2014-04-07";1;1;NA;1;1;NA;NA;NA;1;NA;NA;1;1;NA;NA;1;1;NA;NA;1;NA;NA;NA;1;NA;NA;NA;NA;1;1;1;NA;NA;NA
"2014-04-14";1;1;NA;1;1;NA;NA;NA;1;NA;NA;1;1;NA;NA;1;1;NA;NA;1;NA;NA;NA;1;NA;NA;NA;NA;1;1;1;NA;NA;NA
"2014-04-21";1;1;NA;1;1;NA;NA;NA;1;NA;NA;1;1;NA;NA;1;1;NA;NA;1;NA;NA;NA;1;NA;NA;NA;NA;1;1;1;NA;NA;NA
"2014-04-28";1;1;NA;1;1;NA;NA;NA;1;NA;NA;1;1;NA;NA;1;1;NA;NA;1;NA;NA;NA;1;NA;NA;NA;NA;1;1;1;NA;NA;NA
"2014-05-05";1;1;NA;1;1;NA;NA;NA;1;NA;NA;1;1;NA;NA;1;1;NA;NA;1;NA;NA;NA;1;NA;NA;NA;NA;1;1;1;NA;NA;NA
"2014-05-12";1;1;NA;1;1;NA;NA;NA;1;NA;NA;1;1;NA;NA;1;1;NA;NA;1;NA;NA;NA;1;NA;NA;NA;NA;1;1;1;NA;NA;NA
"2014-05-19";1;1;NA;1;1;NA;NA;NA;1;NA;NA;1;1;NA;NA;1;1;NA;NA;1;NA;NA;NA;1;NA;NA;NA;NA;1;1;1;NA;NA;NA
"2014-05-26";1;1;NA;1;1;NA;NA;NA;1;NA;NA;1;1;NA;NA;1;1;NA;NA;1;NA;NA;NA;1;NA;NA;NA;NA;1;1;1;NA;NA;NA
"2014-06-02";1;1;NA;1;1;NA;NA;NA;1;NA;NA;1;1;NA;NA;1;1;NA;NA;1;NA;NA;NA;1;NA;NA;NA;NA;1;1;1;NA;NA;NA
"2014-06-09";1;1;NA;1;1;NA;NA;NA;1;NA;NA;1;1;NA;NA;1;1;NA;NA;1;NA;NA;NA;1;NA;NA;NA;NA;1;1;1;NA;NA;NA
"2014-06-16";1;1;NA;1;1;NA;NA;NA;1;NA;NA;1;1;NA;NA;1;1;NA;NA;1;NA;NA;NA;1;NA;NA;NA;NA;1;1;1;NA;NA;NA
"2014-06-23";1;1;NA;1;1;NA;NA;NA;1;NA;NA;1;1;NA;NA;1;1;NA;NA;1;NA;NA;NA;1;NA;NA;NA;NA;1;1;1;NA;NA;NA
"2014-06-30";1;1;NA;1;1;NA;NA;NA;1;NA;NA;1;1;NA;NA;1;1;NA;NA;1;NA;NA;NA;1;NA;NA;NA;NA;1;1;1;NA;NA;NA
"2014-07-07";1;1;NA;1;1;NA;NA;NA;1;NA;NA;1;1;NA;NA;1;1;NA;NA;1;NA;NA;NA;1;NA;NA;NA;NA;1;1;1;NA;NA;NA
"2014-07-14";1;1;NA;1;1;NA;NA;NA;1;NA;NA;1;1;NA;NA;1;1;NA;NA;1;NA;NA;NA;1;NA;NA;NA;NA;1;1;1;NA;NA;NA
"2014-07-21";1;1;NA;1;1;NA;NA;NA;1;NA;NA;1;1;NA;NA;1;1;NA;NA;1;NA;NA;NA;1;NA;NA;NA;NA;1;1;1;NA;NA;NA
"2014-07-28";1;1;NA;1;1;NA;NA;NA;1;NA;NA;1;1;NA;NA;1;1;NA;NA;1;NA;NA;NA;1;NA;NA;NA;NA;1;1;1;NA;NA;NA
"2014-08-04";1;1;NA;1;1;NA;NA;NA;1;NA;NA;1;1;NA;NA;1;1;NA;NA;1;NA;NA;NA;1;NA;NA;NA;NA;1;1;1;NA;NA;NA
"2014-08-11";1;1;NA;1;1;NA;NA;NA;1;NA;NA;1;1;NA;NA;1;1;NA;NA;1;NA;NA;NA;1;NA;NA;NA;NA;1;1;1;NA;NA;NA
"2014-08-18";1;1;NA;1;1;NA;NA;NA;1;NA;NA;1;1;NA;NA;1;1;NA;NA;1;NA;NA;NA;1;NA;NA;NA;NA;1;1;1;NA;NA;NA
"2014-08-25";1;1;NA;1;1;NA;NA;NA;1;NA;NA;1;1;NA;NA;1;1;NA;NA;1;NA;NA;NA;1;NA;NA;NA;NA;1;1;1;NA;NA;NA
"2014-09-01";1;1;NA;1;1;NA;NA;NA;1;NA;NA;1;1;NA;NA;1;1;NA;NA;1;NA;NA;NA;1;NA;NA;NA;NA;1;1;1;NA;NA;NA
"2014-09-08";1;1;NA;1;1;NA;NA;NA;1;NA;NA;1;1;NA;NA;1;1;NA;NA;1;NA;NA;NA;1;NA;NA;NA;NA;1;1;1;NA;NA;NA
"2014-09-15";1;1;NA;1;1;NA;NA;NA;1;NA;NA;1;1;NA;NA;1;1;NA;NA;1;NA;NA;NA;1;NA;NA;NA;NA;1;1;1;NA;NA;NA
"2014-09-22";1;1;NA;1;1;NA;NA;NA;1;NA;NA;1;1;NA;NA;1;1;NA;NA;1;NA;NA;NA;1;NA;NA;NA;NA;1;1;1;NA;NA;NA
"2014-09-29";1;1;NA;1;1;NA;NA;NA;1;NA;NA;1;1;NA;NA;1;1;NA;NA;1;NA;NA;NA;1;NA;NA;NA;NA;1;1;1;NA;NA;NA
"2014-10-06";1;1;NA;1;1;NA;NA;NA;1;NA;NA;1;1;NA;NA;1;1;NA;NA;1;NA;NA;NA;1;NA;NA;NA;NA;1;1;1;NA;NA;NA
"2014-10-13";1;1;NA;1;1;NA;NA;NA;1;NA;NA;1;1;NA;NA;1;1;NA;NA;1;NA;NA;NA;1;NA;NA;NA;NA;1;1;1;NA;NA;NA
"2014-10-20";1;1;NA;1;1;NA;NA;NA;1;NA;NA;1;1;NA;NA;1;1;NA;NA;1;NA;NA;NA;1;NA;NA;NA;NA;1;1;1;NA;NA;NA
"2014-10-27";1;1;NA;1;1;NA;NA;NA;1;NA;NA;1;1;NA;NA;1;1;NA;NA;1;NA;NA;NA;1;NA;NA;NA;NA;1;1;1;NA;NA;NA
"2014-11-03";1;1;NA;1;1;NA;NA;NA;1;NA;NA;1;1;NA;NA;1;1;NA;NA;1;NA;NA;NA;1;NA;NA;NA;NA;1;1;1;NA;NA;NA
"2014-11-10";1;1;NA;1;1;NA;NA;NA;1;NA;NA;1;1;NA;NA;1;1;NA;NA;1;NA;NA;NA;1;NA;NA;NA;NA;1;1;1;NA;NA;NA
"2014-11-17";1;1;NA;1;1;NA;NA;NA;1;NA;NA;1;1;NA;NA;1;1;NA;NA;1;NA;NA;NA;1;NA;NA;NA;NA;1;1;1;NA;NA;NA
"2014-11-24";1;1;NA;1;1;NA;NA;NA;1;NA;NA;1;1;NA;NA;1;1;NA;NA;1;NA;NA;NA;1;NA;NA;NA;NA;1;1;1;NA;NA;NA
"2014-12-01";1;1;NA;1;1;NA;NA;NA;1;NA;NA;1;1;NA;NA;1;1;NA;NA;1;NA;NA;NA;1;NA;NA;NA;NA;1;1;1;NA;NA;NA
"2014-12-08";1;1;NA;1;1;NA;NA;NA;1;NA;NA;1;1;NA;NA;1;1;NA;NA;1;NA;NA;NA;1;NA;NA;NA;NA;1;1;1;NA;NA;NA
"2014-12-15";1;1;NA;1;1;NA;NA;NA;1;NA;NA;1;1;NA;NA;1;1;NA;NA;1;NA;NA;NA;1;NA;NA;NA;NA;1;1;1;NA;NA;NA
"2014-12-22";1;1;NA;1;1;NA;NA;NA;1;NA;NA;1;1;NA;NA;1;1;NA;NA;1;NA;NA;NA;1;NA;NA;NA;NA;1;1;1;NA;NA;NA
"2014-12-29";1;1;NA;1;1;NA;NA;NA;1;NA;NA;1;1;NA;NA;1;1;NA;NA;1;NA;NA;NA;1;NA;NA;NA;NA;1;1;1;NA;NA;NA
"2015-01-05";1;1;NA;1;1;NA;NA;NA;1;NA;NA;1;1;NA;NA;1;1;NA;NA;1;NA;NA;NA;1;NA;NA;NA;NA;1;1;1;NA;NA;NA
"2015-01-12";1;1;NA;1;1;NA;NA;NA;1;NA;NA;1;1;NA;NA;1;1;NA;NA;1;NA;NA;NA;1;NA;NA;NA;NA;1;1;1;NA;NA;NA
"2015-01-19";1;1;NA;1;1;NA;NA;NA;1;NA;NA;1;1;NA;NA;1;1;NA;NA;1;NA;NA;NA;1;NA;NA;NA;NA;1;1;1;NA;NA;NA
